level	id	parent_id	name
process_1	1		БУиНУ
process_1	2		Управление персоналом
process_2	1	1	Учет расчетов с поставщиками и подрядчиками и прочими кредиторами
process_2	2	1	Учет расчетов с покупателями и заказчиками и прочими дебиторами
process_2	3	1	Автоматизация бухгалтерского и налогового учета
process_2	4	1	Осуществление платежей, учет банковских операций, прочие казначейские операции
process_2	5	1	Учет кассовых операций
process_2	6	1	Учет затрат и формирование себестоимости продукции (работ, услуг)
process_2	7	1	Учет затрат и формирование себестоимости при осуществлении торговой деятельности
process_2	8	1	Учет капитала, нераспределенной прибыли
process_2	9	1	Учет расчетов с персоналом
process_2	10	1	Учет финансовых вложений/кредитов и займов
process_2	11	1	Учет КВ, ОС и НМА
process_2	12	1	Учет запасов
process_2	13	1	Методологическая поддержка и ведение баз данных
process_2	14	1	Учет прочих доходов и расходов (сч 91)
process_2	15	1	Закрытие периода и формирование отчетности
process_2	16	1	Формирование оценочных резервов и обязательств
process_2	17	1	Учет результатов инвентаризаций и сверки с контрагентами
process_2	18	1	Учет затрат обслуживающих производств и хозяйств
process_2	19	1	Налоговый учет
process_2	20	1	Учет расчетов с подотчетными лицами
process_2	21	2	Отчетность
process_2	22	2	Вознаграждение и мотивация персонала
process_2	23	2	Обучение и развитие персонала
process_2	24	2	Подбор персонала
process_2	25	2	Планирование и учет рабочего времени
process_2	26	2	Администрирование персонала
process_2	27	2	Организационный менеджмент
process_2	28	2	Проектная работа и разработка методологии
process_2	29	2	Бюджетирование
process_2	30	2	Правовая поддержка
process_2	31	2	Дополнительные функции
process_3	1	1	Учет приобретения работ и услуг
process_3	2	1	Учет авансов выданных
process_3	3	1	Учет расходов будущих периодов
process_3	4	1	Учет прочих операций (включая проведение взаимозачета обязательств, претензионную работу, пр.)
process_3	5	1	Учет расчетов с прочими кредиторами
process_3	6	1	Прочее по участку расходов и расчетов с кредиторами
process_3	7	2	Учет реализации работ и услуг (в т.ч. расчеты на внутреннем рынке, экспорт, комиссионным/агентским схемам)
process_3	8	2	Прочее по участку доходов и расчетов с дебиторами
process_3	9	2	Учет реализации товаров
process_3	10	2	Учет реализации ГП (в т.ч. расчеты на внутреннем рынке, экспорт, комиссионным/агентским схемам)
process_3	11	2	Учет прочей реализации (в т.ч. ОС, МПЗ)
process_3	12	2	Учет авансов полученных
process_3	13	2	Учет Доходов будущих периодов
process_3	14	2	Учет прочих операций (включая проведение взаимозачета обязательств, претензионную работу, операции факторинга, пр.)
process_3	15	2	Учет расчетов с прочими дебиторами
process_3	16	2	Учет списания безнадежных долгов
process_3	17	3	Автоматизация бухгалтерского и налогового учета
process_3	18	3	Прочее по участку автоматизация бухгалтерского и налогового учета
process_3	19	4	Осуществление платежей
process_3	20	4	Обработка банковской выписки
process_3	21	4	Прочие операции по участку Осуществление платежей, учет банковских операций, прочие казначейские операции
process_3	22	5	Учет прихода/расхода денежных средств и ценностей в кассе
process_3	23	5	Учет поступления/выдачи денежных документов и бланков строгой отчетности
process_3	24	5	Прочие операции по участку (указать какие в поле комментарии)
process_3	25	6	Учет затрат
process_3	26	6	Формирование себестоимости
process_3	27	6	Учет готовой продукции, НЗП, полуфабрикатов (МПЗ)
process_3	28	6	Прочее по участку затраты и формирование себестоимости продукции (работ, услуг)
process_3	29	7	Учет затрат
process_3	30	7	Формирование себестоимости
process_3	31	7	Прочее по участку затраты при осуществлении торговой деятельности
process_3	32	8	Учет движения капитала
process_3	33	8	Учет нераспределенной прибыли
process_3	34	8	Учет дивидендов
process_3	35	9	Учет заработной платы (в т.ч. ГПХ)
process_3	36	9	Учет выплат социального характера
process_3	37	9	Учет НДФЛ и страховых взносов, в т.ч. с не работниками
process_3	38	9	Прочие расчеты с персоналом
process_3	39	9	Формирование справок (указать перечень в поле комментарии)
process_3	40	9	Прочее по участку расчеты с персоналом
process_3	41	10	Учет вкладов в уставный капитал и ценных бумаг
process_3	42	10	Учет прочих финансовых вложений
process_3	43	10	Учет корректировки стоимости финансовых вложений
process_3	44	10	Учет кредитов и займов полученный
process_3	45	10	Учет кредитов и займов выданных
process_3	46	10	Учёт обеспечения обязательств полученных/выданных (гарантии, поручительства, залог и пр.) (забалансовые счета)
process_3	47	10	Прочее по участку учет финансовых вложений, кредитов и займов
process_3	48	11	Учет приобретения ОС, НМА
process_3	49	11	Учет амортизации объектов ОС и НМА
process_3	50	11	Прочее по участку Учет КВ, ОС и НМА
process_3	51	11	Учет КВ (включая приобретение, формирование стоимости)
process_3	52	11	Учет ввода объектов ОС в эксплуатацию
process_3	53	11	Учет списания (выбытия, ликвидации и пр.) ОС, КВ и НМА
process_3	54	16	Учет резерва по обесценению финансовых вложений
process_3	55	11	Учет перемещения и изменения категории объектов ОС и НМА (модернизация, реконструкция и др.)
process_3	56	11	Учет ОС, оборудования, полученных/переданных в аренду/лизинг
process_3	57	11	Учет ремонтов ОС
process_3	58	11	Учет оборудования к установке
process_3	59	11	Учет НИОКР и ТР
process_3	60	12	Учет поступления МПЗ
process_3	61	12	Учет списания (выбытия) МПЗ
process_3	62	12	Учет передачи спецодежды, инвентаря и СИЗ в эксплуатацию
process_3	63	12	Учет перемещения, возврата спецодежды из эксплуатации
process_3	64	12	Учет внутреннего перемещения МПЗ
process_3	65	12	Учет МПЗ на забалансовых счетах
process_3	66	12	Прочее по участку Запасы
process_3	67	13	Написание и обновление Формирование и актуализация методологических документов по бухгалтерскому и налоговому учету
process_3	68	13	Подготовка данных, форм, отчетов по регулярным запросам (отчетность Эмитента, по форме Ф.20 и др.)
process_3	69	13	Взаимодействие с аудиторами
process_3	70	13	Подготовка документов по запросам (копирование/сканирование документов)
process_3	71	13	Обучение, изучение нормативных актов, посещение семинаров, повышение квалификации
process_3	72	13	Регистрация входящих первичных документов
process_3	73	13	Контроль наличия оригиналов первичных документов, замена копий на оригиналы
process_3	74	13	Инвентаризация, архивирование документов
process_3	75	13	Реструктуризация (ОС, Запасы, НЗ)
process_3	76	13	Методологическая поддержка и консультирование предприятий по бухгалтерскому и налоговому учету
process_3	77	13	Согласование договоров
process_3	78	13	Написание приказов/распоряжений
process_3	79	13	Согласование приказов/распоряжений
process_3	80	13	Подписание, визирование документов
process_3	81	13	Участие в совещаниях
process_3	82	13	Выдача доверенности и заключение договоров о материальной ответственности
process_3	83	13	Обработка поступающей информации (запросы, задания, разъяснения и пр.)
process_3	84	14	Учет прочих доходов
process_3	85	14	Учет прочих расходов
process_3	86	14	Прочие операции (указать какие в поле комментарии)
process_3	87	15	Сверка по операциям ВГО
process_3	88	15	Подготовка трансформационных таблиц для целей МСФО
process_3	89	15	Подготовка форм статистической отчетности
process_3	90	15	Предоставление отчетности в контролирующие органы
process_3	91	15	Прочее по участку закрытие периода и формирование отчетности
process_3	92	15	Расчет курсовых разниц
process_3	93	15	Осуществление процедур внутреннего контроля
process_3	94	15	Контроль полноты и корректности отражения внутрихозяйственных операций в целом по Организации по всем счетам
process_3	95	15	Осуществление процедур мониторинга и реформации счетов учета с целью закрытия регистров для подготовки отчетности
process_3	96	15	Подготовка форм ежемесячной бухгалтерской отчетности
process_3	97	15	Подготовка форм ежеквартальной бухгалтерской отчетности
process_3	98	15	Подготовка форм бухгалтерской отчетности (годовая)
process_3	99	15	Подготовка расшифровок строк отчетности и иных расшифровок по данным бухгалтерских регистров
process_3	100	16	Учет резерва по обесценению МПЗ
process_3	101	16	Учет резерва сомнительной задолженности
process_3	102	16	Учет резерва по социальным обязательствам
process_3	103	13	Участие в судебных разбирательствах
process_3	104	16	Учет резерва под обесценение ОС, оборудования и незавершенного строительства
process_3	105	16	Оценочное обязательство на оплату отпусков
process_3	106	16	Оценочное налоговое обязательство
process_3	107	16	Оценочное обязательство по судебным искам
process_3	108	16	Учет прочих оценочных обязательств
process_3	109	17	Учет инвентаризации КВ, ОС и НМА
process_3	110	17	Учет инвентаризации МПЗ
process_3	111	17	Инвентаризация кредиторской задолженности
process_3	112	17	Инвентаризация дебиторской задолженности
process_3	113	17	Учет инвентаризации прочих счетов
process_3	114	17	Учет инвентаризации денежных средств и других ценностей в кассе
process_3	115	17	Проведение сверки с дебиторами и кредиторами
process_3	116	18	Учет затрат
process_3	117	18	Формирование себестоимости
process_3	118	18	Прочее по участку затраты обслуживающих производств и хозяйств
process_3	119	19	Учет НДС
process_3	120	19	Управление налоговыми рисками
process_3	121	19	Взаимодействие с контролирующими органами и сопровождение проверок
process_3	122	19	Прочее по участку налоговый учет
process_3	123	19	Учет налога на прибыль
process_3	124	19	Учет налога на имущество
process_3	125	19	Учет транспортного налога
process_3	126	19	Учет земельного налога
process_3	127	19	Учет НДПИ
process_3	128	19	Учет трансфертного ценообразования
process_3	129	19	Консолидированная группа налогоплательщиков (КГН) для всех участников
process_3	130	19	Учет прочих налогов
process_3	131	20	Обработка заявок на выдачу денежных средств подотчетному лицу
process_3	132	20	Обработка авансового отчета
process_3	133	20	Прочее по участку расчеты с подотчетными лицами
process_3	134	21	Законодательная отчетность
process_3	135	22	Социальная работа
process_3	136	22	Управление нематериальной мотивацией работников
process_3	137	22	Администрирование системы оплаты труда
process_3	138	22	Разработка и совершенствование системы оплаты труда и политик в области мотивации
process_3	139	23	Организация работы с кадровым резервом
process_3	140	23	Организация обучения и повышения квалификации
process_3	141	24	Организация подбора и ротации
process_3	142	25	Организация и введение режимов неполного рабочего времени (простои, неполная рабочая неделя)
process_3	143	25	Оформление работы в выходные и праздничные дни, сверхурочной работы
process_3	144	25	Формирование табеля учета рабочего времени
process_3	145	25	Формирование графиков рабочего времени (включая графики сменности)
process_3	146	25	Компенсация части ежегодного оплачиваемого отпуска
process_3	147	25	Отзыв из отпуска
process_3	148	25	Оформление отпусков
process_3	149	25	Уведомление работника о предстоящем отпуске
process_3	150	25	Ведение графика отпусков
process_3	151	25	Оформление нетрудоспособности
process_3	152	25	Командирование работников
process_3	153	26	Подготовка проведения специальной оценки условий труда
process_3	154	26	Проверки соблюдения норм законодательства и ЛНА
process_3	155	26	Администрирование гражданско-правовых договоров
process_3	156	26	Управление банковскими карточками (зарплатный проект)
process_3	157	26	Оформление индексации заработных плат
process_3	158	26	Отстранение работника от работы
process_3	159	26	Внесение информации о наградах
process_3	160	26	Направление работников на медосмотр (все типы)
process_3	161	26	Персонифицированный учет ПФР и назначение пенсий
process_3	162	26	Воинский учет
process_3	163	26	Администрирование дисциплинарных взысканий
process_3	164	26	Оформление сокращения численности/штата
process_3	165	26	Расторжение трудового договора
process_3	166	26	Перевод на другую работу
process_3	167	26	Прием на работу
process_3	168	27	Работа с должностными инструкциями
process_3	169	27	Управление штатным расписанием
process_3	170	27	Работа с положениями о подразделениях
process_3	171	27	Управление эффективностью организационной структуры
process_3	172	28	Разработка бизнес-требований и обеспечение автоматизации процессов УП
process_3	173	28	Разработка и актуализация методологии выполнения операций УП
process_3	174	28	Разработка и актуализация внутренней регламентной документации по процессам УП
process_3	175	28	Реализация проектов, в том числе по трансформации и повышению эффективности функции УП
process_3	176	29	Контроль исполнения Бюджета Расходов на персонал
process_3	177	29	Факторный анализ отклонений План-Факт, Факт-Факт
process_3	178	29	Планирование ФОТ
process_3	179	29	Планирование численности
process_3	180	21	Отчетность по запросу
process_3	181	21	Управленческая отчетность для внутренних целей
process_3	182	30	Консультирование работников по вопросам трудовых отношений
process_3	183	30	Взаимодействие с правоохранительными и контролирующими органами
process_3	184	30	Участие в установленном порядке в судебных заседаниях по трудовым спорам
process_3	185	30	Участие в подготовке документов, необходимых для рассмотрения трудовых споров
process_3	186	30	Работа с жалобами работников
process_3	187	22	Администрирование системы управления эффективностью (целеполагание, KPI)
process_3	188	23	Планирование обучения работников
process_3	189	23	Планирование обязательного обучения работников
process_3	190	23	Разработка и актуализация политик в области обучения и развития персонала
process_3	191	24	Адаптация персонала
process_3	192	24	Планирование подбора персонала
process_3	193	24	Разработка и актуализация политик в области подбора персонала
process_3	194	26	Работа с сотрудницами, уходящими в отпуск по беременности и родам, по уходу за ребенком
process_3	195	26	Администрирование ПВТР и политик, относящихся к кадровому администрированию
process_3	196	26	Предоставление справок о трудовой деятельности и копий документов работникам
process_3	197	26	Отчетность в ЦЗН о квотировании рабочих мест для инвалидов
process_3	198	26	Оформление трудовой книжки/вкладыша, включая запись в книге учета
process_3	199	26	Уведомление ФМС о движении иностранцев (прием, увольнение)
process_3	200	26	Направление уведомлений в ФССП
process_4	1	1	Получение и проверка первичных документов
process_4	2	1	Заполнение аналитических данных в системе
process_4	3	1	Заведение системных документов
process_4	4	1	Формирование проводок в учетной системе
process_4	5	1	Сканирование документов (для электронного хранения)
process_4	6	1	Прочие операции (указать какие в поле комментарии)
process_4	7	2	Учет отражения авансов выданных
process_4	8	2	Учет отражения возврата авансов выданных
process_4	9	2	Занесение данных в книгу покупок
process_4	10	2	Прочие операции (указать какие в поле комментарии)
process_4	11	3	Учет поступления РБП
process_4	12	3	Учет списания РБП (проведение ежемесячной операции списания РБП на расходы)
process_4	13	3	Учет выбытия РБП
process_4	14	3	Инвентаризация РБП
process_4	15	3	Прочие операции (указать какие в поле комментарии)
process_4	16	4	Прием к учету, проверка правильности составления первичных учетных, налоговых и иных документов (указать каких в поле комментарии)
process_4	17	4	Отражение операций по полученным первичным учетным документам в регистрах бухгалтерского и налогового учета
process_4	18	4	Формирование журнала полученных счетов-фактур и регистрация в книге покупок операций
process_4	19	4	Прочие операции (указать какие в поле комментарии)
process_4	20	5	Учет расчетов с прочими кредиторами
process_4	21	6	Формирование управленческих отчетов/форм по участку налоговый учет (регулярные формы/отчеты, указать перечень в комментариях)
process_4	22	6	Подготовка данных, форм, отчетов по нерегулярным запросам (в т.ч. для целей МСФО, внутреннего аудита)
process_4	23	6	Выполнение внутренних контрольных процедур
process_4	24	6	Администрирование работы отдела со стороны начальника отдела
process_4	25	6	Участие в совещаниях
process_4	26	6	Прочие операции по участку (указать какие в поле комментарии)
process_4	27	7	Прием к учету, проверка правильности составления первичных учетных, налоговых и иных документов (указать каких в поле комментарии)
process_4	28	7	Заполнение аналитических данных в системе
process_4	29	7	Формирование проектов первичных документов на реализацию в системе
process_4	30	7	Формирование проводок отражения в учете
process_4	31	7	Формирование отчета комиссионера/агента
process_4	32	7	Документальное оформление и печать документов по реализации
process_4	33	7	Отправка документов контрагентам
process_4	34	7	Прочие операции (указать какие в поле комментарии)
process_4	35	8	Формирование управленческих отчетов/форм по участку налоговый учет (регулярные формы/отчеты, указать перечень в комментариях)
process_4	36	8	Подготовка данных, форм, отчетов по нерегулярным запросам (в т.ч. для целей МСФО, внутреннего аудита)
process_4	37	8	Выполнение внутренних контрольных процедур
process_4	38	8	Администрирование работы отдела со стороны начальника отдела
process_4	39	8	Участие в совещаниях
process_4	40	8	Прочие операции по участку (указать какие в поле комментарии)
process_4	41	9	Прием к учету, проверка правильности составления первичных учетных, налоговых и иных документов (указать каких в поле комментарии)
process_4	42	9	Заполнение аналитических данных в системе
process_4	43	9	Формирование проектов первичных документов на реализацию в системе
process_4	44	9	Формирование проводок отражения в учете
process_4	45	9	Документальное оформление и печать документов по реализации (в случае наличия такой операции, указать в комментариях какие документы)
process_4	46	9	Отправка документов контрагентам
process_4	47	9	Прочие операции (указать какие в поле комментарии)
process_4	48	10	Прием к учету, проверка правильности составления первичных учетных, налоговых и иных документов (указать каких в поле комментарии)
process_4	49	10	Заполнение аналитических данных в системе
process_4	50	10	Формирование проектов первичных документов на реализацию в системе
process_4	51	10	Формирование проводок отражения в учете
process_4	52	10	Формирование отчета комиссионера/агента
process_4	53	10	Документальное оформление и печать документов по реализации (в случае наличия такой операции, указать в комментариях какие документы)
process_4	54	10	Отправка документов контрагентам
process_4	55	10	Прочие операции (указать какие в поле комментарии)
process_4	56	11	Прием к учету, проверка правильности составления первичных учетных, налоговых и иных документов (указать каких в поле комментарии)
process_4	57	11	Заполнение аналитических данных в системе
process_4	58	11	Формирование проектов первичных документов на реализацию в системе
process_4	59	11	Формирование проводок отражения в учете
process_4	60	11	Документальное оформление и печать документов по реализации (в случае наличия такой операции, указать в комментариях какие документы)
process_4	61	11	Отправка документов контрагентам
process_4	62	11	Прочие операции (указать какие в поле комментарии)
process_4	63	12	Отражения авансов полученных
process_4	64	12	Отражение в учете возврата авансов полученных, закрытие авансовых платежей.
process_4	65	12	Формирование счета/счета-фактуры на предоплату/аванс и печать
process_4	66	12	Прочие операции (указать какие в поле комментарии)
process_4	67	13	Учет поступления ДБП
process_4	68	13	Учет списания ДБП (проведение ежемесячной операции начисления ДБП на доходы)
process_4	69	13	Учет выбытия ДБП
process_4	70	13	Инвентаризация ДБП
process_4	71	13	Прочие операции (указать какие в поле комментарии)
process_4	72	14	Прием к учету, проверка правильности составления первичных учетных, налоговых и иных документов (указать каких в поле комментарии)
process_4	73	14	Отражение операций по полученным первичным учетным документам в регистрах бухгалтерского и налогового учета
process_4	74	14	Прочие операции (указать какие в поле комментарии)
process_4	75	15	Учет расчетов с прочими дебиторами
process_4	76	16	Учет списания безнадежных долгов
process_4	77	17	Автоматизация бухгалтерского и налогового учета
process_4	78	18	Формирование управленческих отчетов/форм по участку налоговый учет (регулярные формы/отчеты, указать перечень в комментариях)
process_4	79	18	Подготовка данных, форм, отчетов по нерегулярным запросам (в т.ч. для целей МСФО, внутреннего аудита)
process_4	80	18	Выполнение внутренних контрольных процедур
process_4	81	18	Администрирование работы отдела со стороны начальника отдела
process_4	82	18	Участие в совещаниях
process_4	83	18	Прочие операции по участку (указать какие в поле комментарии)
process_4	84	19	Создание и согласование заявки на платеж
process_4	85	19	Формирование и отправка на исполнение платежного поручения
process_4	86	20	Загрузка банковской выписки
process_4	87	20	Разнесение выписки по управленческим аналитикам (статья БДДС, контрагент, договор)
process_4	88	20	Разнесение выписки по бухгалтерским/налоговым аналитикам
process_4	89	21	Прочие операции по участку Осуществление платежей, учет банковских операций, прочие казначейские операции
process_4	90	22	Учет прихода/расхода денежных средств и ценностей в кассе
process_4	91	23	Учет поступления/выдачи денежных документов и бланков строгой отчетности
process_4	92	24	Прочие операции по участку (указать какие в поле комментарии)
process_4	93	25	Получение и проверка первичных документов
process_4	94	25	Заполнение аналитических данных в системе
process_4	95	25	Заведение системных документов
process_4	96	25	Формирование проводок в учетной системе
process_4	97	25	Прочие операции (указать какие в поле комментарии)
process_4	98	26	Формирование себестоимости
process_4	99	27	Получение и проверка первичных документов по движению МПЗ
process_4	100	27	Заполнение аналитических данных в системе по движению МПЗ
process_4	101	27	Заведение системных документов (без формирования проводок в БУНУ)
process_4	102	27	Формирование проводок в учетной системе
process_4	103	27	Прочие операции (указать какие в поле комментарии)
process_4	104	28	Формирование управленческих отчетов/форм по участку налоговый учет (регулярные формы/отчеты, указать перечень в комментариях)
process_4	105	28	Подготовка данных, форм, отчетов по нерегулярным запросам (в т.ч. для целей МСФО, внутреннего аудита)
process_4	106	28	Выполнение внутренних контрольных процедур
process_4	107	28	Администрирование работы отдела со стороны начальника отдела
process_4	108	28	Участие в совещаниях
process_4	109	28	Прочие операции по участку (указать какие в поле комментарии)
process_4	110	29	Получение и проверка первичных документов
process_4	111	29	Заполнение аналитических данных в системе
process_4	112	29	Заведение системных документов (без формирования проводок в БУНУ)
process_4	113	29	Формирование проводок в учетной системе
process_4	114	29	Прочие операции (указать какие в поле комментарии)
process_4	115	30	Формирование себестоимости
process_4	116	31	Формирование управленческих отчетов/форм по участку налоговый учет (регулярные формы/отчеты, указать перечень в комментариях)
process_4	117	31	Подготовка данных, форм, отчетов по нерегулярным запросам (в т.ч. для целей МСФО, внутреннего аудита)
process_4	118	31	Выполнение внутренних контрольных процедур
process_4	119	31	Администрирование работы отдела со стороны начальника отдела
process_4	120	31	Участие в совещаниях
process_4	121	31	Прочие операции по участку (указать какие в поле комментарии)
process_4	122	32	Учет движения капитала
process_4	123	33	Учет нераспределенной прибыли
process_4	124	34	Учет дивидендов
process_4	125	35	Прочие операции (указать какие в поле комментарии)
process_4	126	35	Получение и обработка информации для расчета заработной платы
process_4	127	35	Внесение данных для расчета заработной платы в учетную систему
process_4	128	35	Внесение данных о премировании в учетную систему - заполнить в анкете по Управлению персоналом (раздел CB.6.4.1.6)
process_4	129	35	Внесение данных по доплатам, надбавкам в учетную систему - заполнить в анкете по Управлению персоналом (раздел CB.6.4.2.4)
process_4	130	35	Формирование и отражение проводок по расчету заработной платы в учетной системе
process_4	131	35	Формирование реестра на зачисление заработной платы работнику
process_4	132	35	Создание и согласование заявки на платеж - заполнить в анкете по Казначейству (раздел TR.2.1)
process_4	133	35	Загрузка и отправка в банк платежного реестра по заработной плате работнику - заполнить в анкете по Казначейству (раздел TR.2.3)
process_4	134	46	Формирование сделки (документа основания)
process_4	135	35	Формирование и отправка в банк платежного поручения по выплате заработной платы - заполнить в анкете по Казначейству (раздел TR.2.3)
process_4	136	36	Получение и обработка информации для расчета выплат социального характера
process_4	137	36	Внесение данных для расчета выплат социального характера в учетную систему
process_4	138	36	Формирование и отражение проводок по расчету выплат социального характера в учетной системе
process_4	139	36	Формирование реестра на зачисление выплат социального характера работнику
process_4	140	36	Создание и согласование заявки на платеж - заполнить в анкете по Казначейству (раздел TR.2.1)
process_4	141	36	Загрузка и отправка платежного реестра на зачисление выплат социального характера работнику - заполнить в анкете по Казначейству (раздел TR.2.3)
process_4	142	36	Формирование платежного поручения по выплатам социального характера - заполнить в анкете по Казначейству (раздел TR.2.3)
process_4	143	36	Прочие операции (указать какие в поле комментарии)
process_4	144	37	Расчет социальных страховых взносов и НДФЛ по сотрудникам
process_4	145	37	Формирование реестра на оплату взносов
process_4	146	37	Создание и согласование заявки на платеж - заполнить в анкете по Казначейству (раздел TR.2.1)
process_4	147	37	Формирование платежного поручения на оплату страховых взносов и налогов - заполнить в анкете по Казначейству (раздел TR.2.3)
process_4	148	37	Формирование отчетности по социальным страховым взносам и отчетности по НДФЛ
process_4	149	37	Подача отчетности через электронную систему подачи отчетности либо отправка через почту
process_4	150	37	Прочие операции (указать какие в поле комментарии)
process_4	151	38	Прочие расчеты с персоналом
process_4	152	39	Формирование справок (указать перечень в поле комментарии)
process_4	153	40	Подготовка данных для целей МСФО
process_4	154	40	Формирование управленческих отчетов/форм по участку налоговый учет (регулярные формы/отчеты, указать перечень в комментариях)
process_4	155	40	Подготовка данных, форм, отчетов по нерегулярным запросам (в т.ч. для целей МСФО, внутреннего аудита)
process_4	156	40	Выполнение внутренних контрольных процедур
process_4	157	40	Администрирование работы отдела со стороны начальника отдела
process_4	158	40	Участие в совещаниях
process_4	159	40	Прочие операции по участку (указать какие в поле комментарии)
process_4	160	41	Проверка и внесение в систему первичной документации по вкладам в уставной капитал и ценным бумагам
process_4	161	41	Отражение операций в учетной системе
process_4	162	41	Прочие операции (указать какие в поле комментарии)
process_4	163	42	Проверка и внесение в систему первичной документации по размещению депозитов и прочих финансовых вложений
process_4	164	42	Отражение операций в учетной системе
process_4	165	42	Прочие операции (указать какие в поле комментарии)
process_4	166	43	Оценка необходимости корректировки стоимости финансовых вложений
process_4	167	43	Отражение произведенных корректировок в учетной системе
process_4	168	43	Прочие операции (указать какие в поле комментарии)
process_4	169	44	Прием к учету, проверка правильности составления первичных учетных, налоговых и иных документов
process_4	170	44	Расчет и начисление процентов
process_4	171	44	Прочие операции (указать какие в поле комментарии)
process_4	172	45	Прием и проверка документов
process_4	173	45	Формирование сделки (документа основания)
process_4	174	45	Отражение операций в учетной системе
process_4	175	45	Прочие операции (указать какие в поле комментарии)
process_4	176	46	Прием и проверка документов
process_4	177	46	Отражение операций в учетной системе
process_4	178	46	Прочие операции (указать какие в поле комментарии)
process_4	179	47	Формирование управленческих отчетов/форм по участку налоговый учет (регулярные формы/отчеты, указать перечень в комментариях)
process_4	180	47	Подготовка данных, форм, отчетов по нерегулярным запросам (в т.ч. для целей МСФО, внутреннего аудита)
process_4	181	47	Выполнение внутренних контрольных процедур
process_4	182	47	Администрирование работы отдела со стороны начальника отдела
process_4	183	47	Участие в совещаниях
process_4	184	47	Прочие операции по участку (указать какие в поле комментарии)
process_4	185	48	Получение и проверка первичных документов
process_4	186	48	Формирование проводок в учетной системе
process_4	187	48	Сканирование документов (для электронного хранения) в случае наличия
process_4	188	48	Прочие операции (указать какие в поле комментарии)
process_4	189	49	Учет амортизации объектов ОС и НМА
process_4	190	50	Формирование управленческих отчетов/форм по участку налоговый учет (регулярные формы/отчеты, указать перечень в комментариях)
process_4	191	50	Подготовка данных, форм, отчетов по нерегулярным запросам (в т.ч. для целей МСФО, внутреннего аудита)
process_4	192	50	Выполнение внутренних контрольных процедур
process_4	193	50	Администрирование работы отдела со стороны начальника отдела
process_4	194	50	Участие в совещаниях
process_4	195	50	Прочие операции по участку (указать какие в поле комментарии)
process_4	196	51	Получение и проверка первичных документов
process_4	197	51	Формирование проводок в учетной системе
process_4	198	51	Сканирование документов (для электронного хранения) в случае наличия
process_4	199	51	Прочие операции (указать какие в поле комментарии)
process_4	200	52	Получение и проверка первичных документов
process_4	201	52	Формирование проводок в учетной системе
process_4	202	52	Сканирование документов (для электронного хранения) в случае наличия
process_4	203	52	Прочие операции (указать какие в поле комментарии)
process_4	204	53	Прием к учету, проверка правильности составления первичных учетных, налоговых и иных документов (указать каких в поле комментарии)
process_4	205	53	Заполнение аналитических данных в системе
process_4	206	53	Заведение системных документов (без формирования проводок в БУНУ) (в случае наличия такой операции, указать в комментариях какие документы)
process_4	207	53	Формирование проводок в учетной системе (на основании ранее заведенных в учетную систему документов службами не входящими в состав бухгалтерии)
process_4	208	53	Сканирование документов (для электронного хранения)
process_4	209	53	Прочие операции (указать какие в поле комментарии)
process_4	210	55	Прием к учету, проверка правильности составления первичных учетных, налоговых и иных документов (указать каких в поле комментарии)
process_4	211	55	Заполнение аналитических данных в системе
process_4	212	55	Заведение системных документов (без формирования проводок в БУНУ) (в случае наличия такой операции, указать в комментариях какие документы)
process_4	213	55	Формирование проводок в учетной системе (на основании ранее заведенных в учетную систему документов службами не входящими в состав бухгалтерии)
process_4	214	55	Сканирование документов (для электронного хранения)
process_4	215	55	Прочие операции (указать какие в поле комментарии)
process_4	216	56	Проверка и внесение в систему первичных документов по получению/передаче ОС, оборудования в аренду/лизинг
process_4	217	93	Осуществление процедур внутреннего контроля
process_4	218	56	Формирование проводок по постановке арендованных/сданных в аренду ОС, оборудования на забалансовые счета, оформление платежей по договору аренды
process_4	219	56	Износ ОС, оборудования числящихся на забалансовых счетах
process_4	220	56	Прочие операции (указать какие в поле комментарии)
process_4	221	119	Ведение книги покупок/продаж
process_4	222	57	Формирование первичных документов на передачу объектов ОС на ремонт
process_4	223	57	Актуализация аналитических данных в связи с проведенными работами по ремонту объектов ОС (в случае изменения сроков полезного использования и проч.)
process_4	224	57	Проверка смет на ремонты (корректность отнесения в соответствии с критериями БУНУ)
process_4	225	57	Отражение операции в системе учета
process_4	226	57	Прочие операции (указать какие в поле комментарии)
process_4	227	58	Учет оборудования к установке
process_4	228	59	Проверка соответствия условиям признания расходов на НИОКР И ТР
process_4	229	59	Отражение проводок по расходам на НИОКР и ТР в учетной системе
process_4	230	59	Прочие операции (указать какие в поле комментарии)
process_4	231	60	Получение и проверка первичных документов
process_4	232	60	Заполнение аналитических данных в системе
process_4	233	60	Заведение системных документов (без формирования проводок в БУНУ) (в случае наличия такой операции, указать в комментариях какие документы)
process_4	234	60	Формирование проводок в учетной системе (на основании ранее заведенных в учетную систему документов службами не входящими в состав бухгалтерии)
process_4	235	60	Сканирование документов (для электронного хранения)
process_4	236	60	Прочие операции (указать какие в поле комментарии)
process_4	237	61	Прием к учету, проверка правильности составления первичных учетных, налоговых и иных документов (указать каких в поле комментарии)
process_4	238	61	Заполнение аналитических данных в системе
process_4	239	61	Заведение системных документов (без формирования проводок в БУНУ) (в случае наличия такой операции, указать в комментариях какие документы)
process_4	240	61	Формирование проводок в учетной системе (на основании ранее заведенных в учетную систему документов службами не входящими в состав бухгалтерии)
process_4	241	61	Сканирование документов (для электронного хранения)
process_4	242	61	Прочие операции (указать какие в поле комментарии)
process_4	243	62	Прием к учету, проверка правильности составления первичных учетных, налоговых и иных документов (указать каких в поле комментарии)
process_4	244	62	Заполнение аналитических данных в системе
process_4	245	62	Заведение системных документов (без формирования проводок в БУНУ) (в случае наличия такой операции, указать в комментариях какие документы)
process_4	246	62	Формирование проводок в учетной системе (на основании ранее заведенных в учетную систему документов службами не входящими в состав бухгалтерии)
process_4	247	62	Сканирование документов (для электронного хранения)
process_4	248	62	Прочие операции (указать какие в поле комментарии)
process_4	249	63	Прием к учету, проверка правильности составления первичных учетных, налоговых и иных документов (указать каких в поле комментарии)
process_4	250	63	Заполнение аналитических данных в системе
process_4	251	63	Заведение системных документов (без формирования проводок в БУНУ) (в случае наличия такой операции, указать в комментариях какие документы)
process_4	252	63	Формирование проводок в учетной системе (на основании ранее заведенных в учетную систему документов службами не входящими в состав бухгалтерии)
process_4	253	63	Сканирование документов (для электронного хранения)
process_4	254	63	Прочие операции (указать какие в поле комментарии)
process_4	255	64	Прием к учету, проверка правильности составления первичных учетных, налоговых и иных документов (указать каких в поле комментарии)
process_4	256	64	Заполнение аналитических данных в системе
process_4	257	64	Заведение системных документов (без формирования проводок в БУНУ) (в случае наличия такой операции, указать в комментариях какие документы)
process_4	258	119	Прочие операции (указать какие в поле комментарии)
process_4	259	64	Формирование проводок в учетной системе (на основании ранее заведенных в учетную систему документов службами не входящими в состав бухгалтерии)
process_4	260	64	Сканирование документов (для электронного хранения)
process_4	261	64	Прочие операции (указать какие в поле комментарии)
process_4	262	65	Учет МПЗ на забалансовых счетах
process_4	263	66	Формирование управленческих отчетов/форм по участку налоговый учет (регулярные формы/отчеты, указать перечень в комментариях)
process_4	264	66	Подготовка данных, форм, отчетов по нерегулярным запросам (в т.ч. для целей МСФО, внутреннего аудита)
process_4	265	66	Выполнение внутренних контрольных процедур
process_4	266	66	Администрирование работы отдела со стороны начальника отдела
process_4	267	66	Участие в совещаниях
process_4	268	66	Прочие операции по участку (указать какие в поле комментарии)
process_4	269	67	Написание и обновление Формирование и актуализация методологических документов по бухгалтерскому и налоговому учету
process_4	270	68	Подготовка данных, форм, отчетов по регулярным запросам (отчетность Эмитента, по форме Ф.20 и др.)
process_4	271	69	Взаимодействие с аудиторами
process_4	272	70	Подготовка документов по запросам (копирование/сканирование документов)
process_4	273	71	Обучение, изучение нормативных актов, посещение семинаров, повышение квалификации
process_4	274	72	Регистрация входящих первичных документов
process_4	275	73	Контроль наличия оригиналов первичных документов, замена копий на оригиналы
process_4	276	74	Инвентаризация, архивирование документов
process_4	277	75	Реструктуризация (ОС, Запасы, НЗ)
process_4	278	76	Методологическая поддержка и консультирование предприятий по бухгалтерскому и налоговому учету
process_4	279	77	Согласование договоров
process_4	280	78	Написание приказов/распоряжений
process_4	281	79	Согласование приказов/распоряжений
process_4	282	80	Подписание, визирование документов
process_4	283	81	Участие в совещаниях
process_4	284	82	Выдача доверенности и заключение договоров о материальной ответственности
process_4	285	83	Обработка поступающей информации (запросы, задания, разъяснения и пр.)
process_4	286	84	Учет прочих доходов
process_4	287	85	Учет прочих расходов
process_4	288	86	Прочие операции (указать какие в поле комментарии)
process_4	289	87	Сверка по операциям ВГО
process_4	290	88	Подготовка трансформационных таблиц для целей МСФО
process_4	291	89	Подготовка форм статистической отчетности
process_4	292	90	Предоставление отчетности в контролирующие органы
process_4	293	91	Формирование управленческих отчетов/форм по участку налоговый учет (регулярные формы/отчеты, указать перечень в комментариях)
process_4	294	91	Подготовка данных, форм, отчетов по нерегулярным запросам (в т.ч. для целей МСФО, внутреннего аудита)
process_4	295	91	Администрирование работы отдела со стороны начальника отдела
process_4	296	91	Участие в совещаниях
process_4	297	91	Прочие операции по участку (указать какие в поле комментарии)
process_4	298	92	Расчет курсовых разниц
process_4	299	94	Контроль полноты и корректности отражения внутрихозяйственных операций в целом по Организации по всем счетам
process_4	300	95	Осуществление процедур мониторинга и реформации счетов учета с целью закрытия регистров для подготовки отчетности
process_4	301	96	Подготовка форм ежемесячной бухгалтерской отчетности
process_4	302	97	Подготовка форм ежеквартальной бухгалтерской отчетности
process_4	303	98	Подготовка форм бухгалтерской отчетности (годовая)
process_4	304	99	Подготовка расшифровок строк отчетности и иных расшифровок по данным бухгалтерских регистров
process_4	305	100	Учет резерва по обесценению МПЗ
process_4	306	101	Учет резерва сомнительной задолженности
process_4	307	102	Учет резерва по социальным обязательствам
process_4	308	54	Учет резерва по обесценению финансовых вложений
process_4	309	104	Учет резерва под обесценение ОС, оборудования и незавершенного строительства
process_4	310	105	Оценочное обязательство на оплату отпусков
process_4	311	106	Оценочное налоговое обязательство
process_4	312	107	Оценочное обязательство по судебным искам
process_4	313	108	Учет прочих оценочных обязательств
process_4	314	109	Подготовка документов для проведения инвентаризации
process_4	315	109	Участие в инвентаризационной комиссии
process_4	316	109	Оформление результатов инвентаризации
process_4	317	109	Отражение в системе учета результатов инвентаризации в случае выявления излишек/недостач/пересортицы
process_4	318	109	Прочие операции (указать какие в поле комментарии)
process_4	319	110	Подготовка документов для проведения инвентаризации
process_4	320	110	Участие в инвентаризационной комиссии
process_4	321	110	Оформление результатов инвентаризации
process_4	322	110	Отражение в системе учета результатов инвентаризации в случае выявления излишек/недостач/пересортицы
process_4	323	110	Прочие операции (указать какие в поле комментарии)
process_4	324	111	Анализ кредиторской задолженности (реестр безнадежной задолженности)
process_4	325	111	Участие в инвентаризационной комиссии
process_4	326	111	Оформление результатов инвентаризации
process_4	327	111	Отражение в учете результатов инвентаризации
process_4	328	111	Прочие операции (указать какие в поле комментарии)
process_4	329	112	Анализ дебиторской задолженности (реестр просроченной/безнадежной задолженности)
process_4	330	112	Участие в инвентаризационной комиссии
process_4	331	112	Оформление результатов инвентаризации
process_4	332	112	Отражение в учете результатов инвентаризации
process_4	333	112	Прочие операции (указать какие в поле комментарии)
process_4	334	113	Учет инвентаризации прочих счетов
process_4	335	114	Учет инвентаризации денежных средств и других ценностей в кассе
process_4	336	115	Формирование и отправка акта сверки контрагенту
process_4	337	115	Сверка с контрагентом и пояснение расхождений при их наличии
process_4	338	115	Внесение корректировок в систему учета
process_4	339	115	Прочие операции (указать какие в поле комментарии)
process_4	340	116	Получение и проверка первичных документов
process_4	341	116	Заполнение аналитических данных в системе
process_4	342	116	Заведение системных документов (без формирования проводок в БУНУ)
process_4	343	116	Формирование проводок в учетной системе (на основании ранее заведенных в учетную систему документов службами не входящими в состав бухгалтерии)
process_4	344	116	Прочие операции (указать какие в поле комментарии)
process_4	345	117	Формирование себестоимости
process_4	346	118	Формирование управленческих отчетов/форм по участку налоговый учет (регулярные формы/отчеты, указать перечень в комментариях)
process_4	347	118	Подготовка данных, форм, отчетов по нерегулярным запросам (в т.ч. для целей МСФО, внутреннего аудита)
process_4	348	118	Выполнение внутренних контрольных процедур
process_4	349	118	Администрирование работы отдела со стороны начальника отдела
process_4	350	118	Участие в совещаниях
process_4	351	118	Прочие операции по участку (указать какие в поле комментарии)
process_4	352	119	Расчет распределения входящего НДС в целях раздельного учета
process_4	353	119	Подготовка комплекта документов по экспорту
process_4	354	119	Подготовка документов по заявительному порядку возмещения НДС
process_4	355	119	Формирование отчетности по НДС
process_4	356	119	Подготовка комплекта документов по экспорту для подтверждения нулевой ставки
process_4	357	119	Проведение контрольных процедур, внесение необходимых корректировок
process_4	358	119	Печать и подписание отчетности по НДС, книги покупок и продаж
process_4	359	119	Подача отчетности через электронную систему подачи отчетности либо отправка через почту
process_4	360	120	Ведение реестра налоговых рисков
process_4	361	120	Формирование позиции Компании по спорным вопросам в части налогообложения
process_4	362	120	Прочие операции (указать какие в поле комментарии)
process_4	363	121	Проведение сверки с контролирующими органами
process_4	364	121	Обработка запросов на предоставление информации со стороны контролирующих органов
process_4	365	121	Подготовка данных и документов для проведения проверок со стороны контролирующих органов
process_4	366	121	Взаимодействие с контролирующими органами и сопровождение проверок
process_4	367	121	Прочие операции (указать какие в поле комментарии)
process_4	368	122	Формирование управленческих отчетов/форм по участку налоговый учет (регулярные формы/отчеты, указать перечень в комментариях)
process_4	369	122	Подготовка данных, форм, отчетов по нерегулярным запросам (в т.ч. для целей МСФО, внутреннего аудита)
process_4	370	122	Выполнение внутренних контрольных процедур
process_4	371	122	Администрирование работы отдела со стороны начальника отдела
process_4	372	122	Участие в совещаниях
process_4	373	122	Прочие операции по участку (указать какие в поле комментарии)
process_4	374	123	Формирование текущих операций по расчету налога на прибыль, расчет налоговой базы
process_4	375	123	Представление отчетности по КИК по ТКС
process_4	376	123	Прочие операции (указать какие в поле комментарии)
process_4	377	123	Формирование отчетности по налогу на прибыль
process_4	378	123	Проведение контрольных процедур, внесение необходимых корректировок
process_4	379	123	Печать и подписание отчетности по налогу на прибыль, налоговых регистров
process_4	380	123	Подача отчетности через электронную систему подачи отчетности либо отправка через почту
process_4	381	123	Расчет отложенных налоговых обязательств и отложенных налоговых активов (ОНО и ОНА)
process_4	382	123	Учет ПНА и ПНО
process_4	383	123	Расчет убытков прошлых лет и прочие налоговые расчеты при подготовке налоговой декларации
process_4	384	123	Формирование отчетности по КИК (уведомление об участии, уведомление о КИК, страновой отчет и пр.)
process_4	385	124	Формирование и расчет налоговых регистров/отчетности
process_4	386	124	Проведение контрольных процедур, внесение необходимых корректировок
process_4	387	124	Печать и подписание декларации
process_4	388	124	Подача отчетности через электронную систему подачи отчетности либо отправка через почту
process_4	389	124	Прочие операции (указать какие в поле комментарии)
process_4	390	125	Формирование и расчет налоговых регистров/отчетности по транспортному налогу
process_4	391	125	Проведение контрольных процедур, внесение необходимых корректировок
process_4	392	125	Печать и подписание декларации
process_4	393	125	Подача отчетности через электронную систему подачи отчетности либо отправка через почту
process_4	394	125	Прочие операции (указать какие в поле комментарии)
process_4	395	126	Подбор правоустанавливающих документов на земельные участки
process_4	396	126	Сверка наличия земельных участков с данными БУ. Формирование бух. справки с проводками по начислению налога.
process_4	397	126	Формирование и расчет налоговых регистров/отчетности
process_4	398	126	Проведение контрольных процедур, внесение необходимых корректировок
process_4	399	126	Печать и подписание декларации
process_4	400	126	Подача отчетности через электронную систему подачи отчетности либо отправка через почту
process_4	401	126	Прочие операции (указать какие в поле комментарии)
process_4	402	127	Формирование и расчет налоговых регистров/отчетности
process_4	403	127	Проведение контрольных процедур, внесение необходимых корректировок
process_4	404	127	Печать и подписание декларации
process_4	405	127	Подача отчетности через электронную систему подачи отчетности либо отправка через почту
process_4	406	127	Прочие операции (указать какие в поле комментарии)
process_4	407	128	Проведение исследования рыночного уровня рентабельности по контролируемым сделкам
process_4	408	128	Подготовка документации по ТЦО
process_4	409	128	Подготовка уведомления о контролируемых сделках
process_4	410	128	Прочие операции (указать какие в поле комментарии)
process_4	411	129	Определение налоговой базы и расчетов с участниками КГН
process_4	412	129	Прочие операции (указать какие в поле комментарии)
process_4	413	130	Формирование и расчет налоговых регистров/отчетности
process_4	414	130	Проведение контрольных процедур, внесение необходимых корректировок
process_4	415	130	Печать и подписание декларации
process_4	416	130	Подача отчетности через электронную систему подачи отчетности либо отправка через почту
process_4	417	130	Прочие операции (указать какие в поле комментарии)
process_4	418	131	Получение и обработка информации для выдачи денежных средств подотчетному лицу
process_4	419	131	Формирование и согласования заявки на выдачу денежных средств подотчетному лицу - заполнить в анкете по Казначейству (раздел TR.2.1)
process_4	420	131	Формирование платежного поручения на выдачу денежных средств подотчетному лицу - заполнить в анкете по Казначейству (раздел TR.2.3)
process_4	421	131	Прочие операции (указать какие в поле комментарии)
process_4	422	132	Формирование авансовых отчетов
process_4	423	132	Подготовка и проверка подтверждающих документов
process_4	424	132	Формирование и отражение проводок по расчетам с подотчетными лицами в учетной системе
process_4	425	132	Прочие операции (указать какие в поле комментарии)
process_4	426	133	Формирование управленческих отчетов/форм по участку налоговый учет (регулярные формы/отчеты, указать перечень в комментариях)
process_4	427	133	Подготовка данных, форм, отчетов по нерегулярным запросам (в т.ч. для целей МСФО, внутреннего аудита)
process_4	428	133	Выполнение внутренних контрольных процедур
process_4	429	133	Администрирование работы отдела со стороны начальника отдела
process_4	430	133	Участие в совещаниях
process_4	431	133	Прочие операции по участку (указать какие в поле комментарии)
process_4	432	103	Участие в судебных разбирательствах
process_4	433	134	Контроль и методология законодательной отчетности
process_4	434	134	Отчетность в органы местного самоуправления (в т.ч. ТОР)
process_4	435	134	Отчетность в ПФР и ФСС (ЕФС-1, РСВ и т.д.)
process_4	436	134	Статистическая отчетность (П-4)
process_4	437	134	Статистическая отчетность (П-4 (НЗ), 1-Т (условия труда), 1-Т (проф) и т.д.)
process_4	438	135	Подготовка информации по запросу
process_4	439	135	Внесение информации в учетную систему
process_4	440	135	Учет и актуализация списков льготных категорий, получение подтверждающих документов
process_4	441	135	Учет льготный категорий (работников и бывших работников): инвалиды, многодетные семьи, вдовы, ветераны и пр. категории
process_4	442	135	Внесение данных в систему
process_4	443	135	Подготовка и подписание приказов о предоставлении материальной помощи
process_4	444	135	Подготовка документов, в тч. протоколов и проведение согласования на предприятии
process_4	445	135	Сбор заявлений от работников, формирование списков для предоставления мат помощи
process_4	446	135	Разработка и согласование положения, программы, видов помощи
process_4	447	135	Материальная помощь
process_4	448	136	Подготовка приказа о награждении
process_4	449	136	Подготовка корпоративных мероприятий
process_4	450	136	Организация поздравлений к знаменательным датам
process_4	451	136	Подготовка производственных характеристик
process_4	452	136	Подготовка документов на награждение работников (за исключением производственных характеристик)
process_4	453	136	Разработка политик и типовых ЛНА в области нематериальной мотивации
process_4	454	137	Внесение данных доплатах и надбавках в систему (разовые начисления, содержащие суммы)
process_4	455	137	Внесение данных доплатах и надбавках в систему (если необходимо внесение изменений в ТД)
process_4	456	137	Внесение данных о премировании
process_4	457	137	Подготовка распорядительных документов о доплатах/надбавках
process_4	458	137	Согласование и утверждение распорядительных документов о премировании
process_4	459	137	Подготовка распорядительных документов о премировании
process_4	460	137	Расчет размера премии работникам в соответствии с ЛНА
process_4	461	137	Сбор согласованных справок выполнения показателей для премирования
process_4	462	137	Подведение итогов для премирования (ежемесячное, квартальное, годовое)
process_4	463	137	Проведение расчета оплаты при сдельной системе
process_4	464	137	Проведение расчета оплаты при повременной системе
process_4	465	138	Ознакомление работников с ЛНА
process_4	466	138	Создание нового вида начисления
process_4	467	138	Разработка и актуализация систем окладов, тарифных ставок
process_4	468	138	Разработка и актуализация положений об оплате труда и мотивации
process_4	469	138	Анализ рынка оплаты труда, определение политик в области мотивации и стимулирования
process_4	470	139	Контроль исполнения ИПР, проведение стажировок
process_4	471	139	Составление ИПР
process_4	472	139	Согласование списка КР внутри Общества
process_4	473	139	Сбор предложений и личных заявлений о включение в список резерва
process_4	474	140	Сбор обратной связи по итогам обучения
process_4	475	140	Ввод данных в систему
process_4	476	140	Подготовка распорядительных документов о проведении обучения
process_4	477	140	Организация тренингов
process_4	478	140	Формирование групп для проведения корпоративного обучения
process_4	479	141	Ведение базы кандидатов
process_4	480	141	Сбор пакета документов для трудоустройства
process_4	481	141	Подготовка предложения (оффер)
process_4	482	141	Согласование кандидата (уровень ГД-1)
process_4	483	141	Согласование кандидата (ГД-2 и ниже)
process_4	484	141	Проведение собеседований
process_4	485	141	Поиск кандидатов
process_4	486	141	Обработка заявки
process_4	487	141	Подготовка заявки на подбор
process_4	488	142	Ввод данных в систему
process_4	489	142	Ознакомление работников с приказом
process_4	490	142	Подготовка уведомлений в центры занятости
process_4	491	142	Издание приказа об организации труда в период спада производства
process_4	492	143	Ввод данных в систему
process_4	493	143	Согласование и утверждение распорядительного документа
process_4	494	143	Подготовка распорядительного документа
process_4	495	143	Подготовка документа-основания, получение согласия от работников (формирование приложения к распорядительному документу)
process_4	496	144	Внесение данных об отсутствиях/присутствиях на основании первичных документов
process_4	497	144	Ведение фактического учета присутствия работников
process_4	498	144	Подписание табеля рабочего времени
process_4	499	144	Формирование бумажного носителя табеля
process_4	500	144	Формирование и проверка табеля в учетной системе
process_4	501	144	Проверка и корректировка (при необходимости) табелей рабочего времени
process_4	502	144	Сбор табелей рабочего времени от ответственных работников для расчета заработной платы
process_4	503	145	Ознакомление работников с графиком рабочего времени
process_4	504	145	Утверждение графика работы/сменности
process_4	505	145	Корректировка графика работы/сменности (при необходимости)
process_4	506	145	Проверка графика рабочего времени, инициация корректировки (при необходимости)
process_4	507	145	Расчет плановых графиков работы/сменности на следующий календарный год
process_4	508	146	Выгрузка и организация подписания приказа
process_4	509	146	Выполнение мероприятия в системе
process_4	510	146	Проверка наличия права на компенсацию
process_4	511	146	Получение согласованного заявления от работника
process_4	512	147	Ознакомление работника с приказом
process_4	513	147	Выгрузка и организация подписания приказа
process_4	514	147	Выполнение мероприятия в системе
process_4	515	147	Получение согласия работника на отзыв из отпуска (Заявление работника об удержании из заработной платы)
process_4	516	147	Проверка возможности отзыва работника из отпуска
process_4	517	147	Подготовка заявки на отзыв работника из отпуска
process_4	518	148	Подписание приказа, ознакомление работника
process_4	519	148	Формирование приказа (отпуск по графику, отпуск по заявлению)
process_4	520	148	Проведение мероприятия в системе
process_4	521	148	Получение согласованного заявления от работника
process_4	522	149	Обеспечение уведомлений о предстоящих отпусках
process_4	523	150	Ознакомление работников с графиком отпусков
process_4	524	150	Загрузка графика отпусков в систему
process_4	525	150	Согласование и утверждение графика отпусков
process_4	526	150	Формирование проекта графика отпусков по Обществу
process_4	527	150	Проверка и корректировка графиков отпусков от подразделений
process_4	528	150	Сбор проектов графиков отпусков от подразделений
process_4	529	151	Работа с извещениями ФСС
process_4	530	151	Отправка листов нетрудоспособности в ФСС, и формирование заявок на выплату средств за счет средств предприятия
process_4	531	151	Внесение данных о листке нетрудоспособности в систему
process_4	532	151	Прием и проверка информации об ЭЛН
process_4	533	152	Отмена командировок
process_4	534	152	Изменение сроков командировки
process_4	535	152	Подписание приказа, ознакомление работника с приказом
process_4	536	152	Подготовка приказа о командировке
process_4	537	152	Подготовка заявки на командировку
process_4	538	153	Внесение данных в систему
process_4	539	153	Взаимодействие с профсоюзом по согласованию решений (при наличии)
process_4	540	153	Участие в работе комиссии
process_4	541	153	Ознакомление работников с результатами спецоценки
process_4	542	153	Подготовка перечня должностей/профессий для проведения специальной оценки условий труда
process_4	543	154	Подготовка пояснений по результатам проверки в надзорные органы
process_4	544	154	Подготовка документов по внутренним проверкам (аудит и пр.)
process_4	545	154	Подготовка документов по запросу трудовой инспекции, прокуратуры и т.д.
process_4	546	155	Внесение данных в систему
process_4	547	155	Контроль предоставления актов выполненных работ руководителями работ
process_4	548	155	Подготовка договоров
process_4	549	155	Бюджетирование договоров ГПХ
process_4	550	156	Внесение реквизитов карт в систему
process_4	551	156	Передача реестров в Казначейство для отправки через банк-клиент в банк
process_4	552	156	Формирование реестра на выпуск карт
process_4	553	156	Выдача бланков заявлений работникам
process_4	554	157	Подписание дополнительных соглашений со стороны работодателя, обеспечение подписания со стороны работника
process_4	555	157	Формирование дополнительных соглашений
process_4	556	157	Проверка данных
process_4	557	157	Загрузка данных в систему
process_4	558	157	Издание приказа о проведении индексации
process_4	559	157	Принятие решения о размерах и сроках индексации
process_4	560	158	Внесение информации об отстранении в систему
process_4	561	158	Оформление приказа об отстранении
process_4	562	158	Организация служебного расследования (при необходимости)
process_4	563	158	Получение объяснительных от работника (при необходимости)
process_4	564	158	Анализ правомерности отстранения от работы
process_4	565	158	Подготовка предложений по отстранению от работы
process_4	566	159	Внесение информации о наградах в документы (трудовая книжка, личное дело)
process_4	567	159	Внесение информации о наградах в систему
process_4	568	160	Сбор и передача в бухгалтерию заявления о возмещении средств работнику
process_4	569	160	Внесение данных о результатах медицинского осмотра
process_4	570	160	Контроль своевременного прохождения медосмотра
process_4	571	160	Выдача уведомлений работникам
process_4	572	160	Формирование уведомлений о необходимости прохождения медицинского осмотра
process_4	573	160	Формирование списка работников, для которых медосмотр обязателен
process_4	574	161	Ежемесячная проверка списков вредников для перечисления страховых взносов и подтверждения льготного стажа
process_4	575	161	Подготовка поименных списков работников, занятых на работах во вредных условиях за год
process_4	576	161	Формирование перечня рабочих мест, наименований профессий и должностей, занятость на которых дает право на досрочное назначение пенсии
process_4	577	161	Предоставление в ПФР сведений персонифицированного учета и соответствующих документов
process_4	578	161	Оформление пакета документов, уточняющих особые условия труда
process_4	579	161	Подготовка работникам справок и копий трудовой книжки, для перерасчета, сверок, в т.ч. по запросам ПФР
process_4	580	162	Администрирование, бронирование ГПЗ
process_4	581	162	Уведомление работника о вызовах (повестках) соответствующего военного комиссариата
process_4	582	162	Сверка формы 10 с учетными данными военного комиссариата
process_4	583	162	Подготовка сведений о принятых и уволенных работниках, изменении их персональных данных
process_4	584	162	Подготовка отчета о численности работающих и забронированных граждан (форма 6) в конце года
process_4	585	162	Издание приказа об организации воинского учета на текущий год
process_4	586	162	Разработка плана работы на год по осуществлению воинского учета
process_4	587	162	Взаимодействие с соответствующим военным комиссариатом (выезд)
process_4	588	162	Уведомление об увольнении работника
process_4	589	162	Уведомление о приеме работника
process_4	590	163	Занесение сведений о взыскании в систему
process_4	591	163	Ознакомление работника с приказом
process_4	592	163	Подготовка и утверждение приказа на дисциплинарное взыскание
process_4	593	163	Участие в служебном расследовании проступка
process_4	594	163	Наложение дисциплинарного взыскания
process_4	595	164	Подготовка приказов о выплатах за 2 и 3 месяц трудоустройства сокращенного работника
process_4	596	164	Проверка предоставленных документов на выплаты за 2 и 3 месяц трудоустройства сокращенного работника
process_4	597	164	Уведомление службы занятости
process_4	598	164	Запрос мотивированного мнения профсоюзного комитета (при наличии)
process_4	599	164	Анализ имеющихся вакансий, предложение вакансий работнику
process_4	600	164	Уведомление работников о предстоящем сокращении
process_4	601	164	Подготовка уведомлений о предстоящем сокращении
process_4	602	164	Определение лиц с приоритетным правом на оставление
process_4	603	164	Создание приказа о сокращении численности/штата
process_4	604	165	Получение обходного листа при увольнении (заявлений на удержаний из заработной платы)
process_4	605	165	Выдача трудовой книжки и справок (при необходимости отправка почтой)
process_4	606	165	Внесение информации в трудовую книжку
process_4	607	165	Подписание документов у работодателя и с работником, выдача копий документов
process_4	608	165	Подготовка и предоставление табеля учета рабочего времени и иных документов требующихся при окончательном расчёте (в т.ч. по доходам в натуральной форме)
process_4	609	165	Регистрация приказа об увольнении
process_4	610	165	Подписание приказа об увольнении
process_4	611	165	Подготовка приказа об увольнении
process_4	612	165	Внесение данных в систему
process_4	613	165	Проведение выходного собеседования с работником
process_4	614	165	Уведомление причастных руководителей о предстоящем увольнении
process_4	615	165	Получение документа-основания для увольнения
process_4	616	166	Ознакомление и передача экземпляра дополнительного соглашения работнику
process_4	617	166	Внесение записи в трудовую книжку
process_4	618	166	Подписание документов
process_4	619	166	Подготовка дополнительного соглашения и приказа о переводе
process_4	620	166	Внесение данных в систему
process_4	621	166	Подготовка заявки о необходимости оформления перевода на другую работу
process_4	622	167	Заключение договоров о материальной ответственности
process_4	623	167	Получение заявлений на налоговые вычеты по НДФЛ
process_4	624	167	Получение справок 182-Н (2-НДФЛ) с предыдущих мест работы
process_4	625	167	Получение заявлений о перечислении заработной платы на счет в банке
process_4	626	167	Передача экземпляра трудового договора работнику
process_4	627	167	Уведомление бывшего работодателя о приеме работников, состоящих ранее на государственной муниципальной службе
process_4	628	167	Внесение сведений в журнал учета принятых работников, в книгу учета движения трудовых книжек
process_4	629	167	Подписание пакета документов
process_4	630	167	Ознакомление с ЛНА
process_4	631	167	Оформление пакета документов при приеме на работу (согласие на обработку ПД, ТД, приказ и т.д.)
process_4	632	167	Внесение персональных данных работника в систему
process_4	633	167	Проверка условий заключения трудового договора (срок, наличие вакансии, достаточность документов для приема и т.д.)
process_4	634	167	Направление уведомления в IT, АХО и СБ
process_4	635	167	Направление на медосмотр и вводный инструктаж (при необходимости)
process_4	636	167	Получение необходимых документов
process_4	637	168	Организация хранения должностных инструкций
process_4	638	168	Ознакомление работников с должностной инструкцией
process_4	639	168	Организация согласования и утверждения проекта должностной инструкции
process_4	640	168	Разработка проекта должностной инструкции
process_4	641	168	Подготовка предложений по разработке/актуализации должностной инструкции
process_4	642	169	Организация хранения документов
process_4	643	169	Организация утверждения выходных форм
process_4	644	169	Формирование выходных форм по изменениям (приказ об утверждении штатного расписания, штатное расписание)
process_4	645	169	Вывод/ввод/изменение атрибутов штатной должности
process_4	646	169	Анализ необходимых изменений, согласование, принятие решения о целесообразности изменении
process_4	647	169	Прием документов на изменение штатного расписания
process_4	648	169	Подготовка предложений по внесению изменений в штатное расписание
process_4	649	170	Организация хранения документов
process_4	650	170	Ознакомление работников с изменениями в положение о подразделении
process_4	651	170	Организация согласования и утверждения проекта положения о подразделении
process_4	652	170	Разработка проекта положения о подразделении
process_4	653	170	Подготовка документов-инициатив о разработке/актуализации положения о подразделении
process_4	654	171	Организация хранения документов
process_4	655	171	Введение атрибутов (признаков) организационной единицы в учетной системе
process_4	656	171	Вывод/ввод организационной единицы в учетной системе
process_4	657	171	Организация согласования и утверждения проекта организационной структуры
process_4	658	171	Разработка проекта организационной структуры
process_4	659	171	Подготовка документов-инициатив на внесение изменений в организационную структуру
